time,entity_id,state,event_type,name,message,source,context_id,context_user_id,context_event_type,context_domain,context_service,context_entity_id,context_state,context_source
2026-09-28T04:06:58.645Z,button.rong_yao_yun_fu_wu,2026-09-28T04:06:58.644892+00:00,,,,,,c475fb3a32cc43dd858104fe405e32cd,call_service,button,press,,,
2026-09-27T13:18:15.957Z,button.rong_yao_yun_fu_wu,2026-09-27T13:18:15.957561+00:00,,,,,,c475fb3a32cc43dd858104fe405e32cd,call_service,button,press,,,
2026-09-27T12:01:45.885Z,button.rong_yao_yun_fu_wu,2026-09-27T12:01:45.885192+00:00,,,,,,c475fb3a32cc43dd858104fe405e32cd,call_service,button,press,,,
2026-09-27T12:01:43.743Z,button.rong_yao_yun_fu_wu,2026-09-27T12:01:43.743777+00:00,,,,,,c475fb3a32cc43dd858104fe405e32cd,call_service,button,press,,,
2026-09-27T03:33:52.848Z,button.rong_yao_yun_fu_wu,2026-09-27T03:33:52.848586+00:00,,,,,,c475fb3a32cc43dd858104fe405e32cd,call_service,button,press,,,
2026-09-27T03:32:38.522Z,button.rong_yao_yun_fu_wu,2026-09-27T03:32:38.522419+00:00,,,,,,c475fb3a32cc43dd858104fe405e32cd,call_service,button,press,,,
2026-09-27T03:32:36.682Z,button.rong_yao_yun_fu_wu,2026-09-27T03:32:36.682957+00:00,,,,,,c475fb3a32cc43dd858104fe405e32cd,call_service,button,press,,,
2026-09-26T18:01:43.746Z,sensor.rong_yao_yun_fu_wu_fu_wu_zhuang_tai,登录中,,,,,,,,,,,,
2026-09-26T16:01:43.316Z,sensor.rong_yao_yun_fu_wu_fu_wu_zhuang_tai,正常（1台设备）,,,,,,,,,,,,
2026-09-26T16:01:42.663Z,button.rong_yao_yun_fu_wu,2026-09-26T16:01:42.663100+00:00,,,,,,c475fb3a32cc43dd858104fe405e32cd,call_service,button,press,,,
